Country,GDP (in million USD),Population (in millions),GDP per Capita (USD)
China,17734000,1410,12577.304964539007
France,3152800,68,46364.705882352944
Russia,1600000,146,10958.90410958904
United Kingdom,3134400,67,46782.08955223881
United States,25637000,332,77219.8795180723
